{"cameraMode":{"drawMode":0,"name":"Shaded","section":"Shading Mode"},"sceneLighting":false,"audioPlay":false,"sceneViewState":{"m_AlwaysRefresh":false,"showFog":true,"showSkybox":false,"showFlares":true,"showImageEffects":true,"showParticleSystems":true,"showVisualEffectGraphs":true,"m_FxEnabled":true},"in2DMode":false,"pivot":{"x":-1.4824081659317017,"y":0.4187907576560974,"z":-0.348719984292984},"rotation":{"x":0.19203077256679536,"y":0.5608087778091431,"z":-0.13562510907649995,"w":0.7939088344573975},"size":0.17320801317691804,"orthographic":false}