{"cameraMode":{"drawMode":0,"name":"Shaded","section":"Shading Mode"},"sceneLighting":false,"audioPlay":false,"sceneViewState":{"m_AlwaysRefresh":false,"showFog":true,"showSkybox":false,"showFlares":true,"showImageEffects":true,"showParticleSystems":true,"showVisualEffectGraphs":true,"m_FxEnabled":true},"in2DMode":false,"pivot":{"x":2402.36669921875,"y":1210.2723388671875,"z":1653.282958984375},"rotation":{"x":0.016389962285757066,"y":-0.006358107086271048,"z":-0.0064146011136472229,"w":1.0019826889038087},"size":974.366943359375,"orthographic":false}