{"cameraMode":{"drawMode":0,"name":"Shaded","section":"Shading Mode"},"sceneLighting":false,"audioPlay":false,"sceneViewState":{"m_AlwaysRefresh":false,"showFog":true,"showSkybox":false,"showFlares":true,"showImageEffects":true,"showParticleSystems":true,"showVisualEffectGraphs":true,"m_FxEnabled":true},"in2DMode":false,"pivot":{"x":0.7099997997283936,"y":0.04129291698336601,"z":7.980142116546631},"rotation":{"x":0.32592612504959109,"y":-0.022892098873853685,"z":0.0032195262610912325,"w":0.9471845030784607},"size":4.350497722625732,"orthographic":false}