{"cameraMode":{"drawMode":0,"name":"Shaded","section":"Shading Mode"},"sceneLighting":true,"audioPlay":false,"sceneViewState":{"m_AlwaysRefresh":false,"showFog":true,"showSkybox":true,"showFlares":true,"showImageEffects":true,"showParticleSystems":true,"showVisualEffectGraphs":true,"m_FxEnabled":true},"in2DMode":false,"pivot":{"x":27.991619110107423,"y":3.292647361755371,"z":-11.208805084228516},"rotation":{"x":-0.16656920313835145,"y":0.5808253884315491,"z":-0.12195111811161041,"w":-0.7881670594215393},"size":1.4547295570373536,"orthographic":false}